task_id,container,result,detail
clap_complete_fish_quote,cgcl-rg-box,passed,4/4
clap_complete_value_index,cgcl-rg-box,passed,4/4
clap_conflict_usage,cgcl-rg-box,passed,4/4
clap_help_bracket_values,cgcl-rg-box,passed,4/4
clap_help_short_padding,cgcl-rg-box,passed,4/4
fastify_404_route_handler,cgcl-fs-box,passed,4/4
fastify_contenttype_array,cgcl-fs-box,passed,4/4
fastify_contenttype_emptybody,cgcl-fs-box,passed,4/4
fastify_error_headers_404,cgcl-fs-box,passed,4/4
fastify_header_case_validation,cgcl-fs-box,passed,4/4
fastify_header_schema_case,cgcl-fs-box,passed,4/4
fastify_log_after_error_handler,cgcl-fs-box,passed,4/4
fastify_loggr_responsetime,cgcl-fs-box,passed,4/4
fastify_per_parser_bodylimit,cgcl-fs-box,passed,4/4
fastify_reply_hasheader,cgcl-fs-box,passed,4/4
fastify_reply_headerssent,cgcl-fs-box,failed,timeout (rc=124)
fastify_reply_json_charset,cgcl-fs-box,passed,4/4
fastify_reply_removeheader,cgcl-fs-box,passed,4/4
fastify_route_404_to_handler,cgcl-fs-box,passed,4/4
httpx_client_property_convert,cgcl-httpx-box,passed,4/4
httpx_queryparam_lists,cgcl-httpx-box,passed,4/4
httpx_queryparam_types,cgcl-httpx-box,passed,4/4
httpx_sslconfig_accept_context,cgcl-httpx-box,passed,4/4
ripgrep_c3,cgcl-rg-box,passed,4/4
ripgrep_c5,cgcl-rg-box,passed,4/4
ripgrep_deadlock_visitor_panic,cgcl-rg-box,passed,4/4
ripgrep_min_depth_option,cgcl-rg-box,passed,4/4
ripgrep_skip_unreachable_ignore,cgcl-rg-box,passed,4/4
viper_unmarshal_exact_merge,cgcl-viper-box,passed,4/4
