edge_id,intervention_status
clap_help_newline_to_newline,intervention_smoke
clap_helppadding_to_bracketvalues,proposed
clap_typealias_to_defaultvalueos,proposed
clap_valueindex_to_fishquote,proposed
fastify_404_route_ha_to_fastify_error_header,proposed
fastify_404_unsuppor_to_fastify_redirect_sta,proposed
fastify_404_unsuppor_to_fastify_reply_remove,proposed
fastify_404route_to_headerssent,proposed
fastify_c1_to_cef_decorator,intervention_smoke
fastify_contenttype__to_fastify_delete_body_,proposed
fastify_emptybody_to_array,intervention_smoke
fastify_error_header_to_fastify_log_after_er,proposed
fastify_getschemas_to_cleanid,intervention_smoke
fastify_hasheader_to_headerssent,proposed
fastify_hasheader_to_removeheader,intervention_smoke
fastify_header_schem_to_fastify_header_case_,proposed
fastify_per_parser_b_to_fastify_contenttype_,proposed
fastify_reply_hashea_to_fastify_reply_json_c,proposed
fastify_reply_json_c_to_fastify_reply_header,proposed
fastify_reply_remove_to_fastify_reply_header,proposed
fastify_reply_remove_to_fastify_reply_json_c,proposed
fastify_responsetime_to_headercase,proposed
fastify_route_404_to_to_fastify_404_unsuppor,proposed
fastify_route_404_to_to_fastify_reply_json_c,proposed
httpx_encoding_to_multipart,proposed
httpx_json_encoding_detec_to_httpx_headers_keyerror,proposed
httpx_queryparam_types_to_lists,proposed
httpx_sslconfig_accept_co_to_httpx_client_property_con,proposed
httpx_sslconfig_to_urlauthority,proposed
ripgrep_b621_to_skip_unreachable,rejected
ripgrep_bom_to_skip_unreachable,proposed
ripgrep_c3_to_c4,rejected
ripgrep_c3_to_ripgrep_c5,proposed
ripgrep_c4_to_c5,intervention_smoke
ripgrep_crlf_preserv_to_ripgrep_look_around_,proposed
ripgrep_deadlock_vis_to_ripgrep_skip_unreach,proposed
ripgrep_lookaround_to_globset,proposed
ripgrep_min_depth_op_to_ripgrep_skip_unreach,proposed
ripgrep_mindepth_to_deadlock,proposed
viper_default_decode_hook_to_viper_config_notfound_err,proposed
viper_unmarshal_automatic_to_viper_unmarshal_exact_mer,proposed
